date,mois,jour,temp_max_c,temp_min_c,humidite_pct,pluie_mm,vent_kmh
2025-01-01,1,1,27.1,18.8,66,0.0,16
2025-01-02,1,2,26.7,20.3,63,0.0,13
2025-01-03,1,3,26.0,18.0,66,0.0,22
2025-01-04,1,4,26.0,18.9,63,0.0,17
2025-01-05,1,5,27.9,19.2,58,0.0,8
2025-01-06,1,6,27.1,18.7,65,0.0,23
2025-01-07,1,7,24.6,18.1,64,0.0,20
2025-01-08,1,8,26.1,19.0,65,0.0,18
2025-01-09,1,9,23.9,17.6,61,0.0,16
2025-01-10,1,10,24.8,18.6,59,0.0,15
2025-01-11,1,11,25.0,18.5,61,0.0,16
2025-01-12,1,12,24.8,17.8,57,0.0,21
2025-01-13,1,13,25.4,18.1,57,0.0,23
2025-01-14,1,14,24.8,17.8,58,0.0,18
2025-01-15,1,15,24.8,18.0,62,0.0,13
2025-01-16,1,16,26.2,18.7,62,0.0,21
2025-01-17,1,17,26.8,18.8,60,0.0,19
2025-01-18,1,18,26.6,19.6,60,0.0,17
2025-01-19,1,19,25.5,19.0,60,0.0,13
2025-01-20,1,20,26.7,19.1,62,0.0,24
2025-01-21,1,21,24.2,17.6,61,0.0,23
2025-01-22,1,22,25.0,17.8,62,0.0,12
2025-01-23,1,23,24.4,17.5,65,0.0,17
2025-01-24,1,24,23.3,17.2,64,0.0,20
2025-01-25,1,25,23.7,16.5,65,0.0,14
2025-01-26,1,26,23.2,16.8,60,0.0,20
2025-01-27,1,27,24.5,16.9,64,0.0,18
2025-01-28,1,28,24.2,17.7,59,0.0,13
2025-01-29,1,29,23.5,17.4,67,0.0,19
2025-01-30,1,30,25.2,17.2,63,0.0,17
2025-01-31,1,31,26.1,18.8,63,0.0,19
2025-02-01,2,1,25.7,17.4,64,0.0,19
2025-02-02,2,2,25.6,18.3,67,0.0,17
2025-02-03,2,3,24.8,17.2,66,0.0,20
2025-02-04,2,4,24.7,16.5,66,0.0,21
2025-02-05,2,5,24.5,16.9,70,0.0,21
2025-02-06,2,6,24.2,16.3,68,0.0,16
2025-02-07,2,7,23.1,16.1,65,0.0,17
2025-02-08,2,8,24.1,17.6,61,0.0,23
2025-02-09,2,9,25.4,17.2,66,0.0,24
2025-02-10,2,10,26.4,17.4,60,0.0,17
2025-02-11,2,11,24.7,16.2,63,0.0,15
2025-02-12,2,12,25.6,16.6,72,0.0,25
2025-02-13,2,13,26.0,17.5,68,0.0,19
2025-02-14,2,14,25.4,18.0,67,0.0,22
2025-02-15,2,15,26.7,18.4,67,0.0,23
2025-02-16,2,16,25.7,18.3,69,0.0,14
2025-02-17,2,17,26.1,18.4,69,0.0,20
2025-02-18,2,18,26.5,18.4,68,0.0,24
2025-02-19,2,19,27.2,17.6,63,0.0,23
2025-02-20,2,20,26.7,17.8,70,0.0,16
2025-02-21,2,21,25.7,18.8,70,0.0,18
2025-02-22,2,22,26.5,18.6,69,0.0,17
2025-02-23,2,23,24.6,18.8,69,0.0,21
2025-02-24,2,24,26.8,19.0,69,0.0,22
2025-02-25,2,25,27.5,18.8,67,0.0,26
2025-02-26,2,26,28.6,18.9,65,0.0,20
2025-02-27,2,27,27.4,20.9,66,0.0,23
2025-02-28,2,28,27.5,18.6,69,0.0,18
2025-03-01,3,1,26.9,19.6,70,0.0,17
2025-03-02,3,2,26.8,19.2,67,0.0,17
2025-03-03,3,3,26.2,19.6,67,0.0,18
2025-03-04,3,4,27.0,19.6,71,0.0,21
2025-03-05,3,5,25.9,18.6,74,0.0,20
2025-03-06,3,6,26.5,18.6,66,0.0,25
2025-03-07,3,7,25.1,19.0,69,0.0,27
2025-03-08,3,8,25.5,18.4,77,0.0,22
2025-03-09,3,9,25.5,18.5,69,0.0,23
2025-03-10,3,10,26.8,18.9,71,0.0,21
2025-03-11,3,11,26.8,18.7,74,0.0,32
2025-03-12,3,12,25.2,18.9,67,0.0,23
2025-03-13,3,13,26.1,19.3,73,0.0,24
2025-03-14,3,14,26.0,18.7,72,0.0,30
2025-03-15,3,15,26.4,19.1,75,0.0,21
2025-03-16,3,16,25.7,18.5,71,0.0,19
2025-03-17,3,17,25.7,18.4,74,0.0,25
2025-03-18,3,18,24.5,18.9,77,0.0,27
2025-03-19,3,19,27.4,20.1,72,0.0,21
2025-03-20,3,20,27.9,20.5,72,0.0,25
2025-03-21,3,21,27.5,19.4,74,0.0,20
2025-03-22,3,22,27.2,19.8,73,0.0,21
2025-03-23,3,23,26.3,19.3,74,0.0,22
2025-03-24,3,24,27.3,19.7,79,0.0,17
2025-03-25,3,25,27.3,19.1,77,0.0,18
2025-03-26,3,26,26.8,19.7,77,0.0,21
2025-03-27,3,27,26.7,19.6,74,0.0,15
2025-03-28,3,28,25.1,19.1,70,0.0,25
2025-03-29,3,29,26.4,18.9,73,0.0,31
2025-03-30,3,30,26.2,19.5,74,0.0,25
2025-03-31,3,31,26.4,19.6,75,0.0,18
2025-04-01,4,1,26.7,19.3,73,0.0,26
2025-04-02,4,2,26.3,19.6,71,0.0,20
2025-04-03,4,3,26.5,19.3,74,0.0,25
2025-04-04,4,4,26.7,19.1,75,0.0,25
2025-04-05,4,5,25.5,19.0,79,0.0,22
2025-04-06,4,6,24.4,18.6,74,0.0,23
2025-04-07,4,7,22.4,18.6,76,0.0,21
2025-04-08,4,8,24.4,18.3,74,0.0,20
2025-04-09,4,9,25.0,18.4,74,0.0,22
2025-04-10,4,10,22.5,17.2,79,0.0,20
2025-04-11,4,11,24.5,17.9,79,0.0,24
2025-04-12,4,12,22.7,17.9,76,0.0,25
2025-04-13,4,13,23.8,17.4,77,0.0,22
2025-04-14,4,14,25.0,18.7,76,0.0,27
2025-04-15,4,15,25.6,18.7,77,0.0,26
2025-04-16,4,16,27.4,20.1,77,0.0,23
2025-04-17,4,17,28.3,19.9,78,0.0,15
2025-04-18,4,18,27.9,19.9,76,0.0,26
2025-04-19,4,19,28.5,21.5,78,0.0,24
2025-04-20,4,20,29.0,21.9,73,0.0,20
2025-04-21,4,21,29.7,20.9,80,0.0,24
2025-04-22,4,22,28.7,21.1,80,0.0,22
2025-04-23,4,23,29.5,21.1,75,0.0,20
2025-04-24,4,24,27.9,21.0,80,0.0,19
2025-04-25,4,25,28.0,20.7,79,0.0,18
2025-04-26,4,26,27.2,20.9,81,0.0,18
2025-04-27,4,27,27.6,21.2,75,0.0,23
2025-04-28,4,28,28.3,20.8,77,0.0,21
2025-04-29,4,29,28.5,21.1,77,0.0,20
2025-04-30,4,30,28.7,20.5,75,0.0,21
2025-05-01,5,1,28.2,21.0,73,0.0,18
2025-05-02,5,2,27.6,21.4,77,0.0,14
2025-05-03,5,3,27.5,20.8,79,0.0,25
2025-05-04,5,4,28.4,21.6,81,0.0,17
2025-05-05,5,5,27.2,20.6,78,0.0,17
2025-05-06,5,6,25.7,19.8,72,0.0,24
2025-05-07,5,7,26.5,19.3,79,0.0,19
2025-05-08,5,8,24.8,18.7,73,0.0,19
2025-05-09,5,9,26.0,20.2,82,0.0,20
2025-05-10,5,10,24.4,19.4,78,0.0,20
2025-05-11,5,11,24.8,18.9,76,0.0,17
2025-05-12,5,12,25.4,19.5,70,0.0,25
2025-05-13,5,13,23.7,19.3,84,0.8,15
2025-05-14,5,14,26.4,21.1,75,0.0,22
2025-05-15,5,15,25.7,20.5,79,0.0,18
2025-05-16,5,16,26.1,19.3,77,0.0,25
2025-05-17,5,17,26.5,19.5,77,0.0,20
2025-05-18,5,18,26.2,21.5,74,0.0,22
2025-05-19,5,19,26.4,20.5,83,0.0,19
2025-05-20,5,20,29.1,22.1,78,0.0,28
2025-05-21,5,21,25.7,20.6,74,0.0,22
2025-05-22,5,22,27.5,21.3,81,0.0,17
2025-05-23,5,23,25.9,20.3,78,0.0,26
2025-05-24,5,24,25.4,21.3,77,0.0,23
2025-05-25,5,25,27.8,22.4,83,0.0,19
2025-05-26,5,26,27.7,21.9,72,0.0,21
2025-05-27,5,27,28.9,22.6,79,0.0,13
2025-05-28,5,28,27.8,22.8,80,0.0,21
2025-05-29,5,29,26.7,22.0,76,0.0,16
2025-05-30,5,30,27.3,21.7,82,0.0,15
2025-05-31,5,31,28.5,22.5,74,0.0,18
2025-06-01,6,1,28.0,22.8,76,0.0,15
2025-06-02,6,2,27.1,21.5,75,0.0,10
2025-06-03,6,3,24.5,20.4,78,0.0,17
2025-06-04,6,4,25.5,22.3,87,3.7,17
2025-06-05,6,5,27.9,23.0,81,0.0,19
2025-06-06,6,6,28.9,23.0,76,0.0,25
2025-06-07,6,7,28.4,22.6,79,0.0,15
2025-06-08,6,8,28.2,22.8,73,0.0,12
2025-06-09,6,9,30.6,23.7,74,0.0,19
2025-06-10,6,10,32.5,24.2,75,0.0,11
2025-06-11,6,11,30.8,24.3,73,0.0,12
2025-06-12,6,12,30.0,23.6,71,0.0,19
2025-06-13,6,13,31.4,25.0,73,0.0,17
2025-06-14,6,14,29.0,23.8,83,4.4,12
2025-06-15,6,15,29.6,24.3,79,0.0,15
2025-06-16,6,16,30.6,24.6,83,0.0,16
2025-06-17,6,17,28.3,24.1,86,1.1,16
2025-06-18,6,18,30.4,24.4,75,0.0,13
2025-06-19,6,19,31.3,25.2,76,0.0,13
2025-06-20,6,20,30.8,24.6,74,0.0,18
2025-06-21,6,21,31.3,25.0,77,0.0,20
2025-06-22,6,22,31.1,25.3,76,0.0,15
2025-06-23,6,23,31.0,24.3,71,0.0,19
2025-06-24,6,24,30.7,24.7,77,0.0,17
2025-06-25,6,25,28.3,23.9,86,1.1,18
2025-06-26,6,26,27.6,23.2,74,0.0,18
2025-06-27,6,27,28.1,22.7,74,0.0,12
2025-06-28,6,28,29.1,24.3,77,0.0,17
2025-06-29,6,29,27.7,24.9,78,0.2,11
2025-06-30,6,30,28.3,24.6,84,3.0,19
2025-07-01,7,1,29.2,23.8,83,6.3,18
2025-07-02,7,2,28.8,24.4,77,0.0,17
2025-07-03,7,3,31.7,25.0,78,0.0,13
2025-07-04,7,4,30.3,24.9,81,2.5,16
2025-07-05,7,5,30.0,24.3,85,1.6,14
2025-07-06,7,6,29.8,24.8,79,0.0,13
2025-07-07,7,7,28.2,24.8,85,0.0,14
2025-07-08,7,8,27.8,23.4,79,0.0,11
2025-07-09,7,9,28.9,24.5,81,0.0,15
2025-07-10,7,10,29.6,24.6,77,0.0,20
2025-07-11,7,11,29.1,25.3,79,0.0,20
2025-07-12,7,12,28.9,23.6,80,0.0,23
2025-07-13,7,13,27.4,24.0,82,31.9,20
2025-07-14,7,14,28.8,24.8,75,0.0,13
2025-07-15,7,15,29.3,23.6,77,0.0,14
2025-07-16,7,16,27.5,24.4,87,2.7,15
2025-07-17,7,17,25.5,23.6,89,2.6,13
2025-07-18,7,18,24.6,22.8,83,13.8,15
2025-07-19,7,19,25.4,22.8,81,1.4,8
2025-07-20,7,20,28.2,23.0,82,0.0,14
2025-07-21,7,21,27.0,23.3,83,0.0,12
2025-07-22,7,22,29.1,23.6,86,0.0,19
2025-07-23,7,23,30.1,23.6,77,0.0,14
2025-07-24,7,24,28.3,24.4,82,0.0,16
2025-07-25,7,25,27.9,24.0,79,0.0,14
2025-07-26,7,26,27.6,25.2,86,7.9,14
2025-07-27,7,27,28.5,24.4,80,0.0,9
2025-07-28,7,28,27.7,23.7,79,0.0,17
2025-07-29,7,29,28.6,23.7,78,0.0,17
2025-07-30,7,30,29.2,25.5,84,0.7,10
2025-07-31,7,31,29.5,24.6,78,0.0,11
2025-08-01,8,1,28.8,25.6,84,78.1,11
2025-08-02,8,2,30.4,25.6,90,0.6,16
2025-08-03,8,3,32.1,26.3,77,0.0,14
2025-08-04,8,4,31.8,26.8,90,3.6,13
2025-08-05,8,5,33.6,27.4,83,0.0,19
2025-08-06,8,6,30.9,26.3,88,48.3,14
2025-08-07,8,7,32.3,26.9,86,6.9,6
2025-08-08,8,8,31.7,26.7,85,33.7,19
2025-08-09,8,9,33.9,28.0,82,0.0,7
2025-08-10,8,10,32.2,26.5,85,0.0,11
2025-08-11,8,11,31.4,26.0,86,20.4,14
2025-08-12,8,12,28.8,25.9,90,4.4,18
2025-08-13,8,13,30.1,25.1,84,12.3,17
2025-08-14,8,14,30.4,25.9,83,0.0,20
2025-08-15,8,15,27.9,25.4,85,20.5,13
2025-08-16,8,16,29.2,25.1,83,0.0,15
2025-08-17,8,17,28.6,25.0,84,0.0,11
2025-08-18,8,18,30.4,24.8,85,0.0,14
2025-08-19,8,19,30.6,25.5,83,0.0,16
2025-08-20,8,20,29.3,25.2,97,30.2,8
2025-08-21,8,21,29.9,25.4,91,3.5,13
2025-08-22,8,22,30.7,25.7,84,0.0,4
2025-08-23,8,23,30.0,24.9,82,0.0,17
2025-08-24,8,24,29.4,25.3,86,0.6,13
2025-08-25,8,25,30.4,25.4,87,0.0,15
2025-08-26,8,26,27.2,24.6,89,6.2,13
2025-08-27,8,27,28.7,24.0,83,0.0,10
2025-08-28,8,28,28.0,23.7,88,5.9,17
2025-08-29,8,29,29.1,24.2,88,0.0,17
2025-08-30,8,30,29.9,24.2,87,0.0,9
2025-08-31,8,31,29.0,24.2,84,0.0,12
2025-09-01,9,1,28.6,24.3,85,0.0,11
2025-09-02,9,2,30.6,24.3,81,0.0,12
2025-09-03,9,3,28.2,25.4,83,6.2,12
2025-09-04,9,4,29.1,24.5,91,22.9,17
2025-09-05,9,5,28.8,24.6,89,5.2,9
2025-09-06,9,6,28.0,24.9,81,0.0,12
2025-09-07,9,7,29.9,24.1,81,0.0,6
2025-09-08,9,8,30.2,24.2,84,0.0,14
2025-09-09,9,9,30.4,23.8,83,0.0,6
2025-09-10,9,10,30.8,24.7,87,0.0,14
2025-09-11,9,11,30.5,24.4,86,0.0,12
2025-09-12,9,12,29.1,24.7,84,0.0,14
2025-09-13,9,13,30.8,24.6,86,1.2,14
2025-09-14,9,14,30.5,25.8,83,0.0,16
2025-09-15,9,15,30.7,25.5,92,4.1,10
2025-09-16,9,16,31.7,27.0,90,15.4,17
2025-09-17,9,17,32.8,26.8,83,0.0,13
2025-09-18,9,18,34.1,26.1,79,0.0,18
2025-09-19,9,19,32.8,26.1,85,0.0,15
2025-09-20,9,20,33.4,26.6,81,0.0,18
2025-09-21,9,21,32.9,27.0,77,0.0,20
2025-09-22,9,22,31.9,25.6,86,6.4,8
2025-09-23,9,23,32.2,25.1,80,0.0,9
2025-09-24,9,24,30.0,25.3,87,0.5,17
2025-09-25,9,25,29.6,25.2,88,5.8,8
2025-09-26,9,26,32.4,25.4,83,0.0,10
2025-09-27,9,27,31.8,26.1,80,0.0,10
2025-09-28,9,28,32.9,24.6,77,0.0,15
2025-09-29,9,29,31.6,25.9,79,0.0,11
2025-09-30,9,30,30.1,25.1,82,2.6,15
2025-10-01,10,1,33.1,25.9,87,0.0,8
2025-10-02,10,2,33.5,25.9,81,0.0,13
2025-10-03,10,3,32.4,25.3,84,0.0,10
2025-10-04,10,4,30.3,24.7,77,0.0,19
2025-10-05,10,5,31.9,25.6,79,0.0,10
2025-10-06,10,6,28.6,25.7,89,0.2,13
2025-10-07,10,7,30.9,25.7,81,0.0,15
2025-10-08,10,8,29.3,23.2,82,0.0,10
2025-10-09,10,9,28.2,24.3,77,0.0,13
2025-10-10,10,10,27.2,23.8,83,2.9,18
2025-10-11,10,11,29.2,25.1,76,0.0,17
2025-10-12,10,12,29.9,24.0,77,0.0,17
2025-10-13,10,13,30.8,24.5,76,0.0,21
2025-10-14,10,14,30.5,25.1,82,0.0,17
2025-10-15,10,15,31.6,25.9,83,2.1,11
2025-10-16,10,16,33.5,26.7,77,0.0,16
2025-10-17,10,17,33.2,25.8,74,0.0,18
2025-10-18,10,18,32.0,24.8,79,0.0,14
2025-10-19,10,19,33.1,24.8,73,0.0,16
2025-10-20,10,20,32.9,26.0,76,0.0,12
2025-10-21,10,21,31.5,25.5,83,3.6,10
2025-10-22,10,22,30.7,25.3,84,3.8,16
2025-10-23,10,23,29.8,24.6,80,4.8,20
2025-10-24,10,24,31.9,24.9,78,0.0,20
2025-10-25,10,25,30.1,24.5,85,0.4,14
2025-10-26,10,26,31.4,24.7,72,0.0,17
2025-10-27,10,27,32.3,25.1,74,0.0,8
2025-10-28,10,28,32.1,24.4,71,0.0,7
2025-10-29,10,29,32.2,25.4,76,0.0,18
2025-10-30,10,30,31.2,23.4,76,4.8,15
2025-10-31,10,31,31.8,24.5,76,0.0,18
2025-11-01,11,1,31.4,24.4,77,0.0,11
2025-11-02,11,2,32.8,25.8,76,0.0,18
2025-11-03,11,3,32.5,24.1,69,0.0,19
2025-11-04,11,4,31.4,23.9,75,0.0,14
2025-11-05,11,5,28.5,23.3,71,0.0,21
2025-11-06,11,6,28.3,22.8,76,0.0,17
2025-11-07,11,7,28.8,23.0,75,0.0,14
2025-11-08,11,8,29.4,23.0,75,0.0,15
2025-11-09,11,9,28.9,22.4,70,0.0,13
2025-11-10,11,10,29.1,22.0,69,0.0,8
2025-11-11,11,11,27.3,22.5,78,4.3,15
2025-11-12,11,12,28.7,22.9,80,3.1,6
2025-11-13,11,13,30.8,22.1,69,0.0,17
2025-11-14,11,14,30.9,22.1,73,0.0,13
2025-11-15,11,15,28.9,21.7,69,0.0,17
2025-11-16,11,16,29.4,22.7,72,0.0,17
2025-11-17,11,17,27.7,21.9,67,0.0,18
2025-11-18,11,18,28.9,22.5,71,0.0,15
2025-11-19,11,19,28.8,22.0,64,0.0,12
2025-11-20,11,20,27.1,20.7,68,0.0,19
2025-11-21,11,21,26.7,20.4,70,0.0,16
2025-11-22,11,22,26.3,20.2,70,0.0,18
2025-11-23,11,23,26.2,20.3,67,0.0,16
2025-11-24,11,24,26.9,19.7,70,0.0,15
2025-11-25,11,25,28.2,20.1,69,0.0,20
2025-11-26,11,26,26.4,20.6,64,0.0,11
2025-11-27,11,27,27.3,20.5,66,0.0,23
2025-11-28,11,28,26.1,19.9,62,0.0,19
2025-11-29,11,29,24.8,19.2,78,2.0,16
2025-11-30,11,30,26.0,19.2,66,0.0,19
2025-12-01,12,1,25.1,19.0,66,0.0,15
2025-12-02,12,2,24.2,18.6,66,0.0,21
2025-12-03,12,3,25.3,18.0,65,0.0,18
2025-12-04,12,4,24.9,18.8,69,0.0,17
2025-12-05,12,5,26.6,19.3,62,0.0,17
2025-12-06,12,6,27.6,20.2,67,0.0,17
2025-12-07,12,7,26.6,20.4,67,0.0,16
2025-12-08,12,8,28.2,20.2,69,0.0,17
2025-12-09,12,9,27.2,20.7,70,0.0,20
2025-12-10,12,10,27.1,20.3,63,0.0,18
2025-12-11,12,11,27.5,20.6,66,0.0,16
2025-12-12,12,12,26.5,20.1,62,0.0,12
2025-12-13,12,13,27.4,19.4,62,0.0,16
2025-12-14,12,14,27.4,19.7,60,0.0,20
2025-12-15,12,15,27.8,20.6,60,0.0,20
2025-12-16,12,16,27.1,19.6,66,0.0,19
2025-12-17,12,17,28.6,20.1,60,0.0,18
2025-12-18,12,18,28.4,20.4,63,0.0,13
2025-12-19,12,19,28.1,20.5,64,0.0,16
2025-12-20,12,20,28.7,21.1,63,0.0,16
2025-12-21,12,21,27.3,19.0,67,0.0,19
2025-12-22,12,22,26.9,19.2,66,0.0,20
2025-12-23,12,23,26.0,19.5,60,0.0,18
2025-12-24,12,24,26.1,18.7,59,0.0,21
2025-12-25,12,25,26.0,19.0,62,0.0,17
2025-12-26,12,26,26.7,18.7,65,0.0,18
2025-12-27,12,27,26.2,19.4,62,0.0,22
2025-12-28,12,28,27.1,19.6,68,0.0,17
2025-12-29,12,29,26.9,20.4,62,0.0,21
2025-12-30,12,30,26.4,18.8,64,0.0,17
2025-12-31,12,31,27.0,19.0,58,0.0,15
